first_name,last_name,email
Eddy,Kirlin,karine@bode-rogahn.org
Elvia,Conn,janet_haag@crist.biz
Ezekiel,Block,landon@bauch.org
Hugh,Nikolaus,grover_terry@metz.com
Iona,Huels,clelia@wuckert.com
Alan,Predovic,warner.stiedemann@cole.com
Theodore,Bogisich,shannon_lang@mclaughlin.name
Danette,Monahan,buck.abernathy@rohan.info
Mariano,Cummings,douglas.hermiston@kovacek-macgyver.io
Danette,Trantow,willard_labadie@dickinson.co
Gerardo,Barton,willena_grant@wilkinson-muller.co
Alysha,Kuhic,darrel@kris.co
Vern,McGlynn,patience@macgyver.net
Jimmie,Purdy,julene.kreiger@pacocha.com
Paul,Cartwright,gretchen_kreiger@flatley.name
Hosea,Hudson,shaun@jacobi-grant.biz
Brent,Mueller,jerri_wintheiser@kunde.net
Jarred,Sawayn,thomasine@jakubowski-howell.biz
Lorenza,Kuhic,tamie_ruecker@macejkovic.com
Kasey,Dickinson,shonna_morar@towne-reinger.io
Vicente,Orn,tiffaney.mcdermott@yundt.com
Ursula,Tromp,george@lesch.info
Kizzy,Reichel,suanne_bradtke@harber.name
Arlinda,Kohler,shaneka_koch@kirlin-leannon.name
Antone,Runolfsdottir,margarito@marquardt.name
Rocco,Nolan,laurena@bernier.info
Gianna,Aufderhar,quintin@skiles.io
Jesus,Marquardt,sharla_oconnell@gerlach-parisian.net
Lorraine,Rippin,pilar@gulgowski-breitenberg.biz
Antoinette,Farrell,robt@oreilly-beier.info
Omar,Cartwright,kyle_boyer@kris-bruen.net
Rosamond,Legros,makeda@kirlin-grant.co
Taryn,Okuneva,lizzie.langworth@conroy.io
Ivory,Bartoletti,arnette@pagac-beer.info
Mikel,Labadie,ramona@satterfield.info
Juan,Murray,tomasa@emmerich-hilll.info
Dann,Dietrich,laura.schneider@braun-boyle.org
Roxane,Moen,michael@kling-turcotte.biz
Yen,Medhurst,lera.turner@hills.info
Lawrence,Kessler,sierra@schmitt.info
Raisa,Boyer,rubin@emmerich-bode.info
Cortez,Nolan,teddy@lakin-langworth.io
Shayne,Hartmann,katrina@moen.io
Long,Hauck,dale_pagac@sawayn.org
Garrett,Emard,willie.mosciski@rath.io
Patricia,Abernathy,latesha_torphy@schultz.co
Iraida,Murphy,alline.littel@mills.com
Alfredo,Blanda,raymundo@gibson.info
Willie,Konopelski,donnie_kessler@oconner.co
Willian,Harvey,ben@goyette-batz.biz
Genna,Kilback,emily@hills.co
Gene,Hagenes,millard_flatley@lakin.co
Hayden,Lang,vickie@ankunding-littel.biz
Vita,Spencer,ezra.lockman@mante-boyer.net
Sherill,Quitzon,florentino.reichert@cole.com
Kyla,Kris,eartha_swift@lueilwitz.co
Brent,Boehm,wilbur@bruen.io
Arlean,Schmitt,isa.sanford@lynch.name
Jenniffer,Lang,foster.volkman@emmerich.net
Alberto,Roberts,weldon@konopelski-thompson.name
Colton,Hackett,vincent@walsh.biz
Shayne,Abshire,laila@kunde.name
Weldon,Bayer,ali@davis.biz
Annett,Kovacek,cyrstal@schaefer-hackett.com
Preston,Rutherford,bruce@waters-sawayn.net
Joye,Predovic,orval_schuppe@krajcik-casper.io
Catherin,Prohaska,jacqulyn@ryan-casper.biz
Jarod,Ritchie,rafael@fadel.com
Thelma,Reynolds,lino@wisoky.biz
Rashida,Mertz,ramon.rippin@prohaska-hettinger.name
Hillary,Abernathy,arminda@paucek-denesik.name
Carrol,Wyman,leoma@reichert.biz
Garrett,Labadie,wanita.sauer@corkery.io
Ewa,Morar,theodore_quitzon@ankunding.info
Julianne,Paucek,gilberto@schroeder.net
Lou,Dietrich,elmo@schumm.info
Nyla,Sawayn,amee.jenkins@hand.info
Bryce,Miller,mertie@roberts.org
Herman,Feil,sanda@homenick.biz
Gwen,Casper,teodoro@kirlin.net
Maximina,Thompson,jonas_ankunding@koss.name
Monty,Runolfsson,ranae@wilkinson.net
Robin,Fisher,denae@zboncak-white.info
Neoma,Schinner,pat@morar-friesen.io
Laronda,Schmidt,ofelia@rempel.org
Ocie,Schroeder,hilma@monahan.info
Dion,Veum,giselle@zieme.net
Leana,Nicolas,chris@mertz.biz
Elenor,Hansen,les@mante.com
Mohammed,Abernathy,stefany.stracke@hyatt-runolfsdottir.net
Vernon,Rowe,lashon@friesen.net
Winston,Wuckert,nicholas.adams@prosacco.org
Doretha,Armstrong,jefferson@beier-hansen.biz
Aundrea,Kovacek,danilo@dach.biz
Taylor,Dach,dorsey.windler@armstrong-ziemann.io
Malcolm,Romaguera,emilee.toy@predovic.biz
Stacy,Corkery,roger@bode.biz
Prince,Gibson,reyes_schuster@jacobi.name
Gemma,Prohaska,stasia_effertz@harvey.net
Boyce,Daniel,emilio_krajcik@roob.net
Everette,Beatty,gus.kulas@huels-vonrueden.net
Cristobal,Vandervort,edwina@bogisich.net
Hollie,Schmeler,dewayne_hane@brakus.co
Branden,O'Connell,natividad_terry@barton-reilly.biz
Linsey,Sawayn,ria.heaney@miller.name
Rana,Frami,lindsy_funk@lehner.net
Mi,Casper,mariah.ruecker@murray.org
Ronny,Leffler,rolf_west@robel.biz
Awilda,Denesik,gonzalo@baumbach.io
Mitchell,Gibson,benedict@kemmer.biz
Guy,Larkin,jermaine@hegmann.com
Larraine,Borer,palmer@runolfsdottir.biz
Samatha,Kshlerin,regina@friesen.io
Harry,Bradtke,randa@jerde.io
Connie,Jones,sung.okon@macejkovic.biz
Ozella,Farrell,ronny@boehm.org
Hien,Hessel,marinda@cole-huels.com
Terrence,Boehm,susannah@botsford.biz
Asia,Aufderhar,carrol@carter-prohaska.com
Bruce,Kautzer,shavonne@schoen.com
Mark,Langosh,jewel@metz.io
Elke,Keebler,rodrick_bergnaum@murray.co
Pearlie,Morissette,terrie_brown@hudson-hettinger.com
Marta,Kihn,sylvia_rutherford@auer-wilkinson.info
Zachariah,Bruen,adelaide_reichert@ohara.name
Boyd,Shields,sal_champlin@fahey.info
Luciano,Kutch,randal_deckow@emard.io
Noma,Schmidt,ka_larson@oreilly.biz
Myra,Tillman,ron@quigley.com
Pearl,Pfeffer,flossie@ebert.co
Alvin,Bernier,rueben@vonrueden-flatley.biz
Robin,Mills,napoleon@pfeffer.info
Pamelia,Nienow,shemeka.gleason@bosco.com
Basil,Hills,jeannie.cummings@stehr.co
Edgar,Pfannerstill,ken@altenwerth.net
Chung,Jakubowski,tanner.feil@rice.org
Charity,Hauck,eulalia@kuhlman-ohara.io
Maryln,Predovic,kim@mcdermott-kautzer.net
Woodrow,Mills,tish_kilback@kuphal.org
Malik,Hettinger,edison@krajcik.biz
Anthony,Cronin,cleo@dooley.biz
Lanny,Schinner,cordia.kovacek@mcdermott-gleichner.com
Randell,Bauch,letty.schuster@hills-white.net
Lynwood,Kutch,ruben_mertz@shields-bogisich.name
Boris,Miller,vivian.considine@kub-cummerata.info
Cami,Roob,abel_goyette@mertz.name
Buena,Kemmer,lupe@moen-shields.co
Anastacia,Streich,lorette@koepp-hessel.co
Jacquelyne,West,keneth@lynch-welch.biz
Tyrell,Franecki,tonya@sanford.biz
Margareta,Weimann,clyde@torp.com
Arron,O'Connell,loren.ferry@howell.name
Elmira,Cremin,eddie@block.io
Meggan,Mills,reed@spinka-wehner.com
Dena,Flatley,logan@jacobi.io
Rosalinda,Wiza,monika@bayer-kerluke.com
Michel,Sawayn,randell@bayer-dooley.biz
Galina,Mayer,barton.mccullough@oberbrunner-olson.co
Suzanna,Graham,ninfa@reichel.com
Regina,Hoeger,son_denesik@pagac-ortiz.org
Bennett,Hamill,steve@mayert-sporer.org
Eulah,Howell,lyman_oreilly@veum.io
Bulah,Jacobs,lamont.torphy@renner.org
Stanford,Williamson,valorie@thiel.name
Jasmin,Kassulke,monica_ondricka@roob.name
Morris,Effertz,buster@schiller.co
Antonio,Thompson,nova.cremin@lowe.name
Jeremy,Prosacco,russell_grimes@wolff-bechtelar.name
Sanjuana,Welch,otis@donnelly.co
Jeraldine,Kovacek,enoch.miller@carter.info
Maragret,Welch,val_collins@effertz.net
Miles,Stamm,kandis_hamill@bernhard.com
Myrtle,Wilkinson,glendora@champlin.name
Evan,Brown,alden_harris@krajcik.name
Elijah,Goodwin,winnifred@jacobi.info
Richard,Crist,clarisa_torp@mueller.co
Anderson,Barton,dusty_vonrueden@terry.io
Nichelle,Kemmer,raisa_haley@mosciski.biz
Joannie,Gleason,amberly@lemke-mcglynn.io
Dinah,Price,debroah@langosh.net
Caren,Graham,meda.oreilly@crist.io
Jeffery,Wiza,leigh.lowe@davis.com
Hal,Goyette,eldora.abernathy@reichert.net
Christa,Denesik,les@conroy-heller.info
Tam,Mayert,tobias.schmeler@kovacek.name
Kristel,Treutel,caterina@macgyver-waelchi.net
Bobby,Yost,kenyetta_orn@king.name
Danial,Zemlak,corrie@denesik-reichert.info
Malia,Barton,johnny.rosenbaum@lakin.info
Mikel,Carroll,sharyn.hagenes@kilback.com
Albertine,Jaskolski,omer@dietrich.net
Neida,Yost,ken_orn@zemlak.io
Owen,Terry,lachelle_buckridge@heaney.name
Sherron,Kuhic,travis_bradtke@altenwerth-lubowitz.com
Porter,Herman,zana_leffler@powlowski-rogahn.org
Bobbye,Schmeler,shirly.lubowitz@dach.net
John,Hauck,almeta_orn@williamson.biz
Luis,Stroman,kourtney.reilly@harber.name
Xuan,Marks,lyndon@spinka.io
Pauletta,Paucek,loretta@hoeger.net
Irving,Wilkinson,graig_schiller@koelpin.name
Edyth,Beatty,renaldo_hammes@roob-reilly.co
Tesha,Schoen,granville@luettgen.io
Janelle,Harvey,zachery_blanda@conroy-kemmer.co
Arlena,Yundt,robt_vandervort@braun.biz
Mariam,McLaughlin,jolanda_von@terry-fahey.name
Judson,Crist,daren_fadel@wehner.info
Zackary,Schaefer,marlin.bins@bernhard.biz
Arron,Schultz,wendolyn.rutherford@feest-hickle.org
Man,Smitham,layne_morissette@thiel.io
Kaila,Aufderhar,marion@legros.io
Shery,Fay,murray_kunde@lynch.info
Augustine,Nikolaus,mitchell@cummerata-kuhic.biz
Angel,Runolfsson,kelvin@rippin.info
Lindsey,Luettgen,monnie@metz-durgan.co
Madison,Stracke,frankie.harris@abshire.io
Whitney,Donnelly,aldo_carroll@koepp-schoen.biz
Debbie,Dooley,marcos_wiza@mckenzie.io
Nova,Hauck,domenic.torp@emmerich-towne.org
Leslie,Keeling,latasha_lesch@tremblay.biz
Devona,Mayert,sherman@kovacek.name
Helga,Schaefer,renita.cormier@blanda.org
Giuseppe,King,mirella@jacobi-witting.io
Omer,Lindgren,carson_stokes@sporer-swift.co
Jesus,Marks,alfred.keebler@padberg-denesik.com
Katheleen,Bashirian,neomi_bernhard@sawayn.org
Jame,Kulas,charlena@swift.com
Ruben,Dietrich,tai_kiehn@yundt.name
Bobbye,O'Kon,gillian.bauch@wolff-labadie.io
Arcelia,Wisoky,zachariah_goodwin@rice.io
Maira,Zemlak,janyce@wunsch.name
Tiffany,Glover,twila.glover@fritsch-donnelly.info
Lavette,Weber,randall@jakubowski.org
Zachariah,Runte,dong_rau@bradtke-fadel.biz
Krishna,Daugherty,hermila_walker@thompson.com
Earle,Larkin,bernard@welch-mcclure.org
Joey,Bergstrom,burton@ledner-dickinson.io
Janeth,Heaney,elli.goyette@pfeffer.com
Velva,Greenholt,abel_ziemann@keebler.org
Almeta,Medhurst,natalie_cummings@sawayn.org
Cary,Lang,fredrick.heidenreich@rau.net
Corinne,O'Connell,benedict@ledner-hintz.com
Casey,Hirthe,jayson@herzog-dach.net
Philip,Waters,louis@oberbrunner.biz
Ivan,Boehm,celesta_mccullough@pagac.co
Norma,McLaughlin,carina@pacocha-powlowski.net
Bailey,Hayes,leandra@willms-legros.biz
Maryrose,Wolf,regine.quitzon@tromp.io
Erika,Schultz,norene@fisher.net
Mauricio,Erdman,lamont.nikolaus@jenkins.name
Marcene,Dickens,donnell@oreilly-hayes.co
Neda,Pagac,phillip@berge.co
Willian,Nienow,vernon@carter-denesik.io
Bernadine,Donnelly,terry@hahn.net
Scotty,Haag,bo.murazik@barrows.name
Ula,Schoen,lindsey_bechtelar@johnston.biz
Otis,Stroman,ramon@osinski-barrows.org
Dimple,Prohaska,leo@quigley-thiel.info
Odis,Daugherty,christian@howell-schiller.io
Lee,Farrell,jonie@jacobi.com
Mathew,Murazik,lauretta_dickinson@quigley.info
Karly,Weber,waylon_lehner@mclaughlin.org
Hollis,Hoeger,cristy.lakin@davis.info
Freeda,Kovacek,nita@lueilwitz-schuster.biz
Barrett,Farrell,lesley@reichert-luettgen.name
Bernard,Fadel,pedro.pacocha@will-weimann.io
Albina,Schumm,stewart_rolfson@hegmann.net
Krystal,Bartoletti,leslie.ernser@blanda.com
Werner,Bechtelar,rutha.herzog@hackett.co
Tomas,Bartoletti,siobhan@abshire.name
Loreta,Legros,ariel.brakus@oconner.biz
Lupe,Feest,rosario@kunze-kling.org
Ashley,Beatty,reynaldo_wilderman@reynolds.info
Dorethea,Shanahan,latesha@streich-dare.biz
Candace,Corwin,gary@predovic-beatty.com
Gala,Herman,noma@barrows.co
Soledad,Wiegand,nilda.shanahan@dickens.biz
Sharee,Gutmann,enoch_bins@bradtke-klocko.co
Morgan,Feeney,chance_mccullough@bednar.net
Joan,Bayer,lakendra_connelly@hettinger.info
Iona,Goldner,marcelo_heller@braun.co
Randy,O'Reilly,arden_doyle@adams-kutch.info
Clorinda,Mayer,jc@ferry-bauch.info
Leonardo,Ankunding,jamel@leannon-goodwin.org
Teresita,Gleichner,luigi@stanton-watsica.net
Ingrid,Hintz,morris@schumm.name
Edison,Jakubowski,neely_damore@ohara.name
Alphonso,Hermiston,art@fay.info
Emmanuel,Kutch,jared@collier.name
Emerita,Lynch,enola.bechtelar@ortiz.info
Erwin,Friesen,louie@hackett.org
Nellie,Fahey,maxwell@braun.name
Lilla,Prosacco,leif_ryan@friesen.info
Karie,Hagenes,mei.feil@stark.io
Linda,Smith,classie@casper.com
Christia,Boehm,shanel_lakin@padberg.org
Todd,Reilly,tula@reichel.com
Gilbert,Gottlieb,andreas_halvorson@mills.biz
Joanie,Murray,sanford@streich.org
Janise,Weber,bobbie@roob-lueilwitz.biz
Leroy,Morar,sparkle@russel.biz
Truman,Botsford,frances@trantow.co
Veola,Kuvalis,margherita_ankunding@fisher.io
Dian,Windler,janessa@kohler-miller.com
Dusty,Muller,manie@reinger-monahan.co
Jospeh,Sauer,arturo@bergstrom-stark.com
Hector,Carroll,sharyn_crist@metz.info
Jody,Ruecker,greg@bergnaum.org
Leo,Marquardt,laverna@wyman.info
Lakiesha,Dooley,winford@rowe.biz
Juan,Jacobs,ellen@durgan.biz
Talitha,Gorczany,arnoldo@yundt.info
Quincy,Lubowitz,teisha@borer-kozey.name
Earleen,Lowe,lorean_weimann@schuster.net
Dell,Streich,altagracia_windler@nolan.biz
Joseph,Von,faustino@grimes.biz
Delois,Conn,cedrick.weissnat@kreiger.io
Jack,Crist,melissa.block@auer.co
Angeline,Runolfsson,leota_daniel@effertz-reichert.co
Luetta,O'Connell,melodee_kuvalis@kerluke.biz
Louanne,Watsica,tyron_will@kozey.info
Lorretta,Bins,layne@batz-wilderman.org
Jefferey,Barrows,tim@koss.org
Shawn,Steuber,lindsey.altenwerth@stoltenberg.name
Kris,Johnson,latrisha_reynolds@mante.net
Len,Mertz,stacy@fisher-hoeger.biz
Ronald,Ankunding,concepcion_pollich@kris-crona.co
Paris,Reilly,dinah.cormier@collier.biz
Gabriel,Daugherty,lu@cummings.org
Todd,Bogisich,maud@waters.net
Rogelio,Pagac,augustus_reichel@wolff.info
Julienne,Gerhold,manuel_muller@stoltenberg-marvin.name
Lakiesha,Monahan,juliet_vonrueden@cummerata-cormier.net
Cameron,Effertz,javier.schneider@schmidt-fay.co
Stasia,O'Hara,jenine@feil.io
Andreas,Labadie,rosendo@oreilly.name
Collette,O'Conner,julieta@bradtke-pagac.net
Luis,Nolan,forrest_wuckert@hilll-ohara.io
Leona,Fisher,hans_jakubowski@effertz-larkin.info
Brad,Kohler,joane.rolfson@hintz.io
Kyle,Rath,carylon_cole@shields.org
Gracia,Schiller,ezekiel@koelpin.org
Tawana,Morissette,rico@conroy-hintz.org
Lai,Schamberger,dillon@feeney.name
Ian,Effertz,odis.feil@mayer.name
Telma,Feil,mohammed@howe-zboncak.name
Moses,Rempel,aurelio@lindgren.net
Orville,Lakin,carrol@ankunding-willms.com
Tera,Jacobson,allena@crona.io
Frederick,Kiehn,leon@price.info
Iraida,Douglas,perry_rolfson@williamson.info
Herb,Nicolas,willie.baumbach@dietrich.io
Slyvia,Gottlieb,nanci_jast@feil-wintheiser.io
Bill,Klein,warren@hoeger.com
Denyse,Rolfson,lara_feeney@jones.info
Michael,Hodkiewicz,phung_stokes@breitenberg.name
Ezra,Kris,alan@aufderhar.io
Twanna,Thompson,xavier_dooley@reilly-hilpert.biz
Agustin,Hagenes,federico@streich.io
Norberto,Roberts,rory_johns@ebert-turcotte.biz
Sarai,Fisher,aldo@jakubowski.co
Clarence,Fay,desmond@murphy.co
Troy,Rippin,roslyn@harvey.co
Omar,Schinner,adolph@fadel-flatley.io
Clayton,Hamill,cherie_morissette@hintz-dickens.co
Jamison,Kerluke,karly@nader.org
Yer,Hand,marlon_satterfield@johnston.io
Chieko,Armstrong,winston@maggio.org
Latisha,Howe,ha_terry@grimes-crist.biz
Randi,Runolfsson,suzan@friesen-bahringer.biz
Tiffaney,Glover,tamika@mosciski-gulgowski.name
Junko,Spencer,lida_rau@franecki.com
Bruno,Hoppe,genny@jaskolski.io
Cari,Brown,shanell.metz@dare-rempel.biz
Kenton,Rogahn,marci_considine@conroy-swaniawski.info
Fred,West,jewel@rippin-cronin.net
Julienne,Schmidt,senaida@corwin.com
Billie,Harvey,guy@jenkins-ruecker.org
Derrick,Metz,byron.jones@medhurst.com
Terrence,Dibbert,jacquline@lakin.net
Charleen,Bosco,michal@herzog-robel.io
Isreal,O'Kon,jamal_white@abbott.io
Jasmin,Bayer,deetta@crooks.org
Laurinda,DuBuque,louis.jacobi@hilpert-carroll.biz
Cliff,Renner,deandre.jaskolski@bechtelar.info
Len,Ruecker,oma@prosacco.org
Noel,Rice,venessa.leuschke@auer.biz
Martin,Kutch,jc_hammes@weber.com
Nerissa,Cartwright,rusty@langworth.co
Billye,Swaniawski,lita.rice@mayer.io
Corrie,Boehm,joan_stark@gusikowski.org
Jeni,Lubowitz,eddie_fisher@harvey.name
Hilma,Kuvalis,weston.smitham@grady.co
Rodrigo,Labadie,tamra@toy.name
Sondra,Sipes,wade_quigley@kilback.biz
Sirena,Jacobson,brianna@gusikowski-mccullough.io
Keitha,Roberts,landon@weimann-kautzer.name
Sonny,Williamson,desmond@collins.name
Chiquita,Larson,alda.auer@heller.co
Willene,Wintheiser,racheal_armstrong@batz.info
Orlando,Sanford,lanora@doyle-grant.net
Leon,Lockman,jeremiah@pfeffer.biz
Keitha,McDermott,hunter@treutel.co
Deanne,Raynor,fatima@witting.co
Donny,Blanda,alonzo.bauch@daniel.name
Chester,Smith,ted.lemke@mraz.org
Mia,Botsford,courtney@tromp.net
Corinne,Zieme,marcel_ebert@okeefe.biz
Carol,Hand,eldon_damore@weissnat.co
Rubin,Gutkowski,alysia@balistreri.net
Lenna,Roberts,ja_nader@parisian.info
Sharee,Sawayn,enrique.cronin@wolf-koss.com
Allene,Ullrich,norman@haag.info
Brenton,Kiehn,tiesha@little-doyle.com
Rory,Conroy,sigrid.senger@goyette.io
Una,Bauch,april_mills@hackett-ortiz.info
Lincoln,Hilll,cletus@schmitt.io
Moses,Padberg,ramona@quigley.biz
Landon,Moore,gayle_huels@pfannerstill-damore.co
Lorine,Herman,claire@johns.name
Jan,Fay,latrina.bruen@hickle-murray.name
Nicholle,O'Reilly,charline_flatley@kris.biz
Laurena,Runte,alina@wintheiser.co
Rudolf,Kreiger,mohammed@padberg-dach.biz
Kurt,Kutch,florance@funk.org
Julian,Schinner,wesley@schultz-hickle.name
Sherrie,Zemlak,richard@kuhic-dubuque.co
Jay,Brakus,raymundo.vonrueden@funk.info
Tanner,Bosco,harold_rolfson@mosciski-hamill.io
Alison,Casper,reuben@skiles.info
Theron,Mayer,mervin@steuber.biz
Foster,Murray,edmond_mclaughlin@mcglynn.biz
Johnie,Marvin,clarine@gorczany.co
Noble,Oberbrunner,mervin@berge.org
Rex,Mueller,brittni@medhurst.org
Rosette,Roberts,bret@reinger.info
Werner,Schuppe,otis@harris-howe.net
Eduardo,Morar,hugo_boehm@becker.co
Treasa,Bogan,burma@klein.org
Sherilyn,Kulas,colby@cormier-cole.io
Dortha,Emard,asia@prosacco-bode.io
Carl,Hirthe,rosana@lowe-lakin.net
Lester,Hackett,shakia_reichel@senger-sawayn.info
Asa,Macejkovic,faviola@dubuque.name
Sandra,Abbott,mara.bogan@goodwin.io
Hannelore,Graham,jorge@hermann.info
Val,Hauck,tinisha_torphy@nikolaus.biz
Sterling,Mosciski,kristian@mcglynn.com
Milissa,Corkery,deon.boehm@hermann.net
Ella,Gusikowski,walton@walter.com
Corrina,Lakin,edra@shields.com
Abe,Spencer,carmelia@douglas-block.co
Maynard,Reynolds,maris.mayert@marks-macgyver.net
Leonarda,Brown,charise@kutch.org
Nelson,Mosciski,buck@harvey.info
Rodger,Corwin,freddy@oreilly.co
Billy,Harber,tiera@stoltenberg-mertz.info
Milo,Kuhic,silas_towne@wunsch-thiel.com
Herta,Runte,jeffrey@klein-hagenes.co
Lura,Jones,christian.wyman@mohr.org
Ezekiel,Von,stacey@welch.com
Bryan,Hoeger,ligia@mclaughlin-prosacco.net
Wade,Reilly,leonardo.rice@lueilwitz.co
Vito,Homenick,leone@ohara.biz
Otis,Emmerich,ebonie@leuschke.info
Keiko,Heaney,venetta.greenholt@okon.com
Giovanni,Weissnat,denver_west@grady.com
Retta,Carter,nolan@koelpin.co
Alexa,Collier,daniel_lind@hermiston.info
Erasmo,Johnson,diego@hauck-hills.com
Velma,Harber,jared.luettgen@luettgen.org
Demetra,Lind,luis_mccullough@hermiston.net
Leonel,Hauck,abdul.casper@hagenes-wintheiser.co
Ivan,Bayer,nga.bins@ward.org
Dione,Mosciski,chang@wehner.io
Danny,Ebert,edythe.wilderman@zemlak-rogahn.com
Chung,Jaskolski,alexander@collins.co
Augustus,Prohaska,normand_kuhn@gulgowski.biz
Preston,Schiller,sherrill_collier@wintheiser.biz
Bud,Lehner,bethel_funk@ullrich-funk.biz
Charles,Heathcote,dean.damore@schulist.name
April,Tromp,rod@collins.co
Martin,Roberts,pilar@gibson.org
Kyle,Purdy,tona@schoen-boehm.org
Joey,Dicki,greta.schmidt@pfeffer.name
Leonard,Cummings,refugio@collins.info
Kory,Larkin,jolanda_schowalter@morar-kirlin.net
Blake,Schuster,karole_macejkovic@fritsch-moore.io
Peter,Miller,berneice_mclaughlin@kreiger.co
Sherryl,Conroy,shella@hilll.biz
Tashina,Mitchell,kali_fay@rempel.co
Alfonzo,Quigley,lourdes_raynor@bosco.info
Magdalena,King,rufus_stokes@sporer.net
Allegra,Gorczany,delbert.lemke@anderson-luettgen.com
Jerrell,Goodwin,frank@kautzer.info
Earlene,Daniel,tatiana_muller@macgyver.info
Marcie,Witting,norman.hodkiewicz@adams-nienow.com
Laticia,Olson,hui@koepp.com
Melda,Ledner,suk.hackett@gerlach.biz
Erin,Volkman,alecia.russel@huel.com
Ernesto,Legros,charissa@moen.org
Jewel,Howe,rubie@kuvalis.name
Jeanine,Schamberger,gisele.parker@keeling.com
Delila,Sporer,olen.blick@grant.io
Reanna,Dibbert,genny.rutherford@anderson-hyatt.info
Tesha,Pollich,lilliana.lind@mertz.co
Renate,Windler,sherril@lakin.co
Aleta,Tremblay,jeanine_von@turcotte.org
Ira,Flatley,antoine@heidenreich-dietrich.io
Karri,Bernier,sunni@schumm.io
Lynnette,Braun,nicole@thompson.org
Archie,Cassin,vince.brown@bartell.info
Christena,Kilback,marion@carter-harris.co
Connie,Jerde,alexander.hauck@wilkinson-oberbrunner.org
Lita,Mayer,carlo@jaskolski.net
Tyler,Huel,katharina@dare.co
Odell,Bergnaum,forest.boyer@gutkowski-mcglynn.info
Sonja,Greenholt,marlin@krajcik.org
Leonarda,Emard,jc@dicki.com
Emmy,Turner,vincenzo@veum.io
Nathanial,Pagac,crysta@towne-feeney.net
Angelia,Jakubowski,myrtis@hodkiewicz-konopelski.info
Adrianna,Gerhold,kasha@mann.info
Travis,Balistreri,bob@harber-kessler.io
Donya,Schuster,erwin.hettinger@kling-kovacek.org
Marinda,Kuphal,brandi@jacobson-spinka.info
Eldon,Feil,julio.hauck@labadie-keeling.name
Bo,Senger,margart_mraz@metz.net
Jeanne,Williamson,aubrey@shields-hammes.co
Peggie,Bashirian,guy.prohaska@jakubowski-treutel.io
Synthia,Price,tasia_wiegand@stehr.net
Magdalene,Braun,hung@rosenbaum.org
Antonio,Volkman,linnea_labadie@kuhn.co
Cindy,Botsford,dorian@walsh.org
Johnny,Reinger,emilie@zboncak.name
Seth,Pfeffer,gayle_marks@bins.org
Bernardo,DuBuque,bryce.bechtelar@jerde.biz
Marty,Ortiz,harley_white@schowalter.io
Hank,Bashirian,vernie.kulas@smith-koelpin.io
Faustino,Wisozk,talitha@rowe.name
Wilfredo,Dare,jarrod.hackett@kshlerin.biz
Sylvie,Hickle,tobias.strosin@fritsch.name
Jess,Parisian,delila.parker@jenkins-haag.co
Mabelle,Zemlak,martha@pagac.com
Shannon,Carroll,leisha_bayer@leffler-funk.net
Nathanael,Willms,antone_sipes@stehr.info
Elease,Bednar,antione_maggio@boyer-fritsch.co
Stan,Prohaska,marcus_lemke@armstrong.co
Giselle,Murray,chris.rohan@fahey-kreiger.info
Samuel,Lowe,maryjo_bayer@graham.net
Jake,Altenwerth,deonna_fritsch@hansen-olson.io
Jeremy,Dare,giselle@kirlin-moore.co
Winter,Jenkins,rick@murazik.name
Timothy,Friesen,hank@schultz.co
Eugene,Wuckert,scotty@dach-ziemann.co
Von,Rippin,alden.luettgen@lowe.biz
Carmine,Flatley,florentina.roob@legros.name
Jani,Kovacek,davis_hammes@bernier.biz
Susana,Beier,franklin_cormier@schaden-graham.co
Jenae,Lynch,mariah@gusikowski-bahringer.com
Phil,Hudson,tony@borer-paucek.com
Rolande,Spencer,rudy_lakin@stoltenberg.net
Blondell,Lynch,barney@emmerich.com
Kiyoko,Jacobson,melisa@lueilwitz.org
Lolita,Ankunding,billie_collins@schowalter.biz
Katie,Klein,harry_oconner@stroman.co
Oscar,Pollich,tommie_carroll@king.org
Nathanial,Cummerata,benjamin_rohan@wisozk.com
Valery,Douglas,edwardo@flatley.net
Mose,Moore,goldie_haag@harvey.io
Mauro,Hills,cliff_funk@davis-lind.biz
Duane,Johnston,joselyn_sawayn@tremblay.com
Luigi,Barrows,garfield_hammes@daugherty.net
Arthur,Johnson,cleotilde_jones@franecki.name
Zachary,McClure,kourtney@crooks.co
Jerrie,Hackett,dakota@kunze.org
Rashad,Weber,merle@johnston.name
Rodger,Spencer,dante.goodwin@langworth.org
Otto,Langosh,celsa_ryan@cartwright.info
Alta,Ebert,kory.ritchie@skiles.org
Florencio,Weissnat,jamel_pacocha@nikolaus.co
Nannette,Donnelly,sandy@murazik.info
Glenn,Deckow,erik@pagac-corwin.org
Simon,Koch,maxwell_jerde@kuvalis.io
Corrina,Parker,emile@rohan.net
Kenny,Mraz,martin_cormier@weissnat-waelchi.name
Royce,Koelpin,dan@considine-oreilly.io
Augustine,Daugherty,emma.goldner@corkery.com
Bertram,Trantow,cherlyn.wintheiser@schroeder-stehr.com
Donnie,McCullough,kourtney@spencer-pfeffer.com
Ninfa,Zemlak,herma.kautzer@bednar-hilll.co
Mattie,Turner,riley@kassulke-christiansen.info
Thao,Torphy,margaret@feeney.org
Rosana,Bergstrom,neal@stoltenberg.info
Eugenie,Harris,kenny_schoen@funk.io
Michiko,Connelly,sun@schumm-ullrich.io
Chester,O'Conner,conrad_cronin@krajcik.co
Shelley,Witting,sona.mayer@reynolds.biz
Gale,Ratke,walker.denesik@mcclure.info
Tora,Conn,joan@kautzer.com
Cara,Kuhic,leonora_ledner@hills-muller.org
Heidy,Reilly,savannah@weissnat.co
Garth,Feil,elton.ledner@daniel.com
Reginald,Hermiston,tomas@dare.io
Palmer,Denesik,dierdre@white.info
Kurtis,Nienow,herlinda.macgyver@stokes.co
Felix,Kreiger,warren@kshlerin.com
Sol,Konopelski,akilah@fahey.name
Neva,Shanahan,moshe@oconnell.io
Jeana,Cole,antone@blanda.com
Charity,Champlin,lowell.keeling@becker-rolfson.org
Darcel,Wolf,jamison@yundt-ondricka.com
Luciano,Hodkiewicz,clyde_kshlerin@smitham-glover.io
Mathew,Stamm,tony@collier.info
Elvin,Koepp,maximina@ondricka.co
Rudy,Considine,bertram_bartell@sauer.net
Noah,Mueller,hilary@okon.com
Rebbeca,Becker,valentine.roberts@mohr.net
Rosario,Marquardt,larhonda@price.co
Kim,Stiedemann,hae_green@fadel.co
Mack,Jakubowski,sandie@daniel.io
Gabriel,Conn,chantelle@koelpin.name
Janett,Weimann,dominick_cummerata@orn.io
Jean,Beahan,nelda.mueller@boyle-tremblay.net
Teofila,Yundt,jaimie@mclaughlin-nicolas.io
Charlie,Kemmer,austin.lemke@barrows.biz
Elvera,Lynch,love@bartoletti.co
Mallory,Hoeger,leigh.reilly@mosciski.com
Yvonne,Kuhn,santiago@ziemann-okon.name
Billye,Sanford,jerome@schaden.org
Romelia,Wisozk,dannette@howell-torp.biz
Hong,Kris,marry@schumm.name
Manuel,Thompson,drew.kris@wiegand.com
Hayden,Gusikowski,deloise_waelchi@dietrich.io
Cordia,Armstrong,chad_mante@johnston.io
Eloise,O'Connell,rusty@kreiger.name
Diann,Prosacco,titus@rogahn-yundt.com
Anita,Hegmann,dee@howe-stanton.org
Shad,Prohaska,claretta@weissnat-stamm.com
Brenna,Corkery,spencer_bergstrom@boehm-heidenreich.co
Huey,Pollich,brande@russel-kerluke.biz
Arnold,Harber,ginny.wuckert@harris.io
Rodger,Kreiger,wesley@bruen.biz
Cliff,Prosacco,frederic_halvorson@fisher-parisian.info
Devon,Sipes,troy@wyman-oberbrunner.biz
Rey,Dicki,karon_mccullough@upton.org
Greg,Feest,oren_wuckert@robel.io
Kim,Kuhic,genevieve@ward-kertzmann.org
Janel,Kuvalis,geraldine@lebsack.biz
Jonie,Nikolaus,emerita@kshlerin-larkin.co
Neomi,Schuppe,gianna.goldner@crooks.biz
Rina,Halvorson,jerrell.kohler@thompson-greenfelder.info
Yesenia,Schneider,leeann_herman@wuckert-marquardt.biz
Tracey,Tillman,rolf@schinner.info
Jerry,Wilkinson,migdalia.kozey@deckow.net
Saran,Schulist,diego@hudson.org
Le,Gleason,francoise_hermiston@kunze-crooks.name
Stacy,Bode,tammie@hessel.info
Gerry,Mayert,delores.kilback@daniel.io
Rosalia,O'Hara,melvina@mitchell.org
Ronnie,Connelly,viola.kub@hyatt.io
Sarai,Wuckert,quinton@runolfsson.io
Houston,Schamberger,alonzo@weber-kemmer.com
Edmond,Lesch,noriko.romaguera@kuphal.io
Efrain,Nikolaus,donnell@jacobs.co
Piper,Gutkowski,ike@gislason.io
Rebekah,Towne,trey_bogisich@olson.com
Elias,Ullrich,cherry@cormier.co
Cheyenne,Collins,rosalba@cormier-west.org
Etha,Tromp,allan.corkery@dubuque-gusikowski.info
Jackie,Baumbach,olen@sipes.com
Juanita,Pagac,winnifred@mckenzie-wisozk.biz
Hyon,Beer,ted.koss@prohaska.name
Edmund,Lind,dustin@schulist-connelly.org
Russell,Haley,cassie_bechtelar@purdy.net
Lavern,Price,jene@champlin.net
Michal,Koepp,darline@kulas-armstrong.info
Lenard,Nolan,rosalina.armstrong@hirthe.io
Norman,Tromp,alexander_mayer@beier.net
Ted,Kub,stacy@cummings.co
Brett,Hilll,alden.reinger@hintz-robel.io
Junie,Hilll,dwayne.kris@hills.net
Greta,Hahn,chana@ortiz.biz
Gerard,Daugherty,ernesto.moore@mertz.org
Odell,Herzog,ramon_russel@witting.io
Yulanda,Hettinger,ronnie.kovacek@dooley.com
Marcel,Yundt,lemuel@prosacco-kessler.info
Lucas,Carter,duane_trantow@strosin.org
Lou,Langosh,lillia_hermann@hermann.info
Arie,Murray,quinn@oberbrunner-heidenreich.org
Ronny,Altenwerth,avery@gleason-reynolds.org
Emeline,Murazik,tashia@murray.co
Brant,Kerluke,adan.collins@schamberger.org
Jody,Connelly,harris@howe-renner.org
Noe,Bernier,saran_abbott@legros.org
Erinn,Crist,latasha@shields.net
Santiago,Goodwin,cherish@anderson-schmitt.com
Dante,O'Reilly,ashlea.roberts@ryan.org
Jerrica,Krajcik,charissa@pfeffer-goldner.name
Willodean,Wunsch,cuc@kuhic-gerlach.com
Jamal,Bailey,angeline@dietrich-johnson.biz
Lovella,Botsford,freddy.mclaughlin@schamberger-willms.info
Marcelo,Beier,monserrate@bergnaum-west.io
Manual,Herman,fermin_gibson@schulist.com
Lilli,Ziemann,louis@west.co
Ruthanne,Rowe,janell_keeling@predovic.info
Alleen,Cassin,aldo_gutkowski@brown-bartoletti.info
Moon,Fay,roderick@powlowski-boyle.io
Alejandra,Schimmel,pearline@ondricka.com
Jaime,King,kim.quitzon@zboncak.org
Florencio,Towne,carmen@kub-kreiger.name
Tim,Ward,anastasia.weimann@gislason-bruen.com
Reinaldo,McGlynn,mac_walsh@lakin.io
Vernon,Harris,margarete_klein@goldner.co
Wilfredo,Howell,love@christiansen.info
Susanne,Simonis,harold_schumm@wiegand.com
Kenton,Klein,tennie.little@nolan-windler.net
Deadra,Carroll,lewis@heller.co
Stephenie,Reilly,elizbeth_dickinson@parisian.co
Matthew,Ledner,quincy_beahan@stokes-gorczany.net
Leeann,Veum,leandro@conroy-littel.net
Darrin,Murphy,torrie.herzog@walker.io
Thu,Kunde,hosea@jacobson.io
Lottie,Rolfson,caryl@price-abshire.co
Jasper,Reichel,margy_lockman@wintheiser.info
Jed,Lubowitz,ulrike@prohaska.org
Dudley,Wiegand,hassan@hirthe-grant.biz
Robin,Leannon,nolan.wintheiser@nienow-mante.name
William,Schinner,nannette@wyman.com
Jamaal,Metz,robin@dickinson.co
Chadwick,Ziemann,danial@schiller.net
Kenny,Olson,kayleen@renner.info
Brittany,Fay,jerrell@ebert.biz
Werner,Kling,yasmine_stark@olson.name
Hubert,Barrows,robbie@ritchie.net
Mickey,Bogisich,tabatha.abbott@thiel.com
Darryl,Walker,daniel_jacobson@lockman.io
Mindi,Purdy,johnathon@williamson.name
Alfredo,Schowalter,chu@reinger.net
Kena,Yundt,trevor_ondricka@will.net
Polly,Bergstrom,dalene.dietrich@parisian.biz
Bo,Hamill,lenard@dickens.info
Wesley,Daniel,akilah@cormier.info
Lenny,Johnston,renate@green-ruecker.biz
Jamison,Nienow,brianne.roob@deckow.biz
Tomoko,Smith,myrl_hettinger@raynor-ferry.net
Florencio,McCullough,jamel@bechtelar.net
Kyle,Quitzon,irvin.braun@keebler.io
Roger,Tromp,mellie@rath.name
Wendi,Heaney,ashleigh@hagenes-torp.biz
Jesus,Padberg,basilia@schowalter.name
Shonna,Cummings,janita_bauch@orn-raynor.com
Norman,Osinski,deon.haley@keebler.info
Timothy,Wisoky,terina_price@walter.io
Darell,Nitzsche,jamar@wyman.org
Garfield,Kerluke,catalina_rath@jones.info
Gabriel,Bednar,eliseo@konopelski-auer.name
Micheline,Lowe,becky.baumbach@von-ziemann.name
Doris,Jacobs,rosendo_conroy@wilderman.com
Dee,Wuckert,ingrid@fadel-funk.biz
Elmo,Hickle,billie@kris.info
Edgar,Collier,magdalen_will@auer.info
Sabrina,Bernier,alfonso.mitchell@leffler-wyman.io
Wendy,Jaskolski,buck_oberbrunner@lang.org
Katheryn,Block,federico@bayer.co
Rico,Stamm,raymon@cummerata.net
Ellan,Nader,florentino@schaden.name
Barabara,Veum,monique@quigley.com
Antione,Langosh,frank.nader@johnson.com
Bibi,Bartell,alena@beahan-franecki.name
Rachael,Hudson,armandina_kuhic@mante.info
Jorge,Cremin,lida@rohan-braun.biz
Trinidad,King,edward_hagenes@keebler.org
Johnny,Harber,young_herzog@simonis-stoltenberg.net
Ariane,Gottlieb,jon_harvey@bednar.biz
Young,Howe,jamey@krajcik.org
Laverna,Williamson,sean.reichel@parisian.biz
Lavern,Becker,crissy@schimmel.info
Olympia,Orn,twyla@marvin.co
Cruz,Mann,rodger@jacobs-schroeder.com
Angelo,Ledner,orval_nikolaus@kunze.co
Prudence,Deckow,ali@schuppe-treutel.net
Logan,Lakin,roger_kemmer@luettgen-nolan.co
