[{"metadata":{"name":"Josh Johnston","birth_date":"1956-05-07T00:00:00.000+0000","died_at":null},"nationalities":[{"id":null,"label":"Guianese (French)","slug":"guianese-french"},{"id":null,"label":"","slug":null}]},{"metadata":{"name":"Al Hamill","birth_date":"2000-06-30T00:00:00.000+0000","died_at":"2042-08-07T00:00:00.000+0000"},"nationalities":[{"id":null,"label":"","slug":null},{"id":null,"label":"Armenians","slug":"armenians"}]},{"metadata":{"name":"Wilmer Reichel","birth_date":"1975-12-07T00:00:00.000+0000","died_at":"2049-02-24T00:00:00.000+0000"},"nationalities":[{"id":null,"label":"","slug":null},{"id":null,"label":"Andorrans","slug":"andorrans"}]},{"metadata":{"name":"Garland Lynch","birth_date":"1930-07-14T00:00:00.000+0000","died_at":"1982-04-14T00:00:00.000+0000"},"nationalities":[{"id":null,"label":"","slug":null},{"id":null,"label":"Singaporeans","slug":"singaporeans"}]},{"metadata":{"name":"Napoleon Terry","birth_date":"1967-02-25T00:00:00.000+0000","died_at":"1994-01-01T00:00:00.000+0000"},"nationalities":[{"id":null,"label":"","slug":null},{"id":null,"label":"Kenyans","slug":"kenyans"}]},{"metadata":{"name":"Fr. Edmundo Koss","birth_date":"1924-09-14T00:00:00.000+0000","died_at":"2004-07-29T00:00:00.000+0000"},"nationalities":[{"id":null,"label":"","slug":null},{"id":null,"label":"Macedonian Bulgarians","slug":"macedonian-bulgarians"}]},{"metadata":{"name":"Masako Murray V","birth_date":"1979-11-25T00:00:00.000+0000","died_at":"2014-03-23T00:00:00.000+0000"},"nationalities":[{"id":null,"label":"Luxembourgers","slug":"luxembourgers"},{"id":null,"label":"","slug":null}]},{"metadata":{"name":"Myrna Stehr","birth_date":"1972-02-11T00:00:00.000+0000","died_at":"2012-08-10T00:00:00.000+0000"},"nationalities":[{"id":null,"label":"Nigeriens","slug":"nigeriens"},{"id":null,"label":"","slug":null}]},{"metadata":{"name":"Alexa Dickinson","birth_date":"1924-03-04T00:00:00.000+0000","died_at":"1955-09-29T00:00:00.000+0000"},"nationalities":[{"id":null,"label":"Bahrainis","slug":"bahrainis"},{"id":null,"label":"","slug":null}]},{"metadata":{"name":"Elina Crist","birth_date":"1994-08-26T00:00:00.000+0000","died_at":"2064-10-04T00:00:00.000+0000"},"nationalities":[{"id":null,"label":"Nigerians","slug":"nigerians"},{"id":null,"label":"","slug":null}]},{"metadata":{"name":"Ms. Reyes Emard","birth_date":"1969-02-09T00:00:00.000+0000","died_at":"2058-10-02T00:00:00.000+0000"},"nationalities":[{"id":null,"label":"Bosniaks","slug":"bosniaks"},{"id":null,"label":"","slug":null}]},{"metadata":{"name":"Fr. Debbie Huel","birth_date":"1973-11-10T00:00:00.000+0000","died_at":"2016-12-07T00:00:00.000+0000"},"nationalities":[{"id":null,"label":"","slug":null},{"id":null,"label":"Dominicans (Republic)","slug":"dominicans-republic"}]},{"metadata":{"name":"Sen. Penelope Kessler","birth_date":"1925-09-10T00:00:00.000+0000","died_at":"1995-01-01T00:00:00.000+0000"},"nationalities":[{"id":null,"label":"Burundians","slug":"burundians"},{"id":null,"label":"","slug":null}]},{"metadata":{"name":"Harrison Rippin","birth_date":"1922-09-15T00:00:00.000+0000","died_at":"1983-05-31T00:00:00.000+0000"},"nationalities":[{"id":null,"label":"Portuguese","slug":"portuguese"},{"id":null,"label":"","slug":null}]},{"metadata":{"name":"Lamar Stanton","birth_date":"1975-12-25T00:00:00.000+0000","died_at":"2054-08-03T00:00:00.000+0000"},"nationalities":[{"id":null,"label":"Puerto Ricans","slug":"puerto-ricans"},{"id":null,"label":"","slug":null}]},{"metadata":{"name":"Mrs. Craig Raynor","birth_date":"1980-05-30T00:00:00.000+0000","died_at":"2050-08-24T00:00:00.000+0000"},"nationalities":[{"id":null,"label":"Mauritians","slug":"mauritians"},{"id":null,"label":"","slug":null}]},{"metadata":{"name":"Felix Leuschke","birth_date":"1923-07-08T00:00:00.000+0000","died_at":"1975-03-11T00:00:00.000+0000"},"nationalities":[{"id":null,"label":"Liechtensteiners","slug":"liechtensteiners"},{"id":null,"label":"","slug":null}]},{"metadata":{"name":"Cindie Sanford","birth_date":"1968-10-03T00:00:00.000+0000","died_at":"2057-09-18T00:00:00.000+0000"},"nationalities":[{"id":null,"label":"Ukrainians","slug":"ukrainians"},{"id":null,"label":"","slug":null}]},{"metadata":{"name":"Ellen Hartmann","birth_date":"1980-04-06T00:00:00.000+0000","died_at":"2052-04-26T00:00:00.000+0000"},"nationalities":[{"id":null,"label":"Welsh","slug":"welsh"},{"id":null,"label":"","slug":null}]},{"metadata":{"name":"Prof. Charley Hauck","birth_date":"1989-07-03T00:00:00.000+0000","died_at":"2054-01-02T00:00:00.000+0000"},"nationalities":[{"id":null,"label":"","slug":null},{"id":null,"label":"Finnish Swedish","slug":"finnish-swedish"}]},{"metadata":{"name":"Frankie Miller","birth_date":"1955-01-18T00:00:00.000+0000","died_at":"2033-12-19T00:00:00.000+0000"},"nationalities":[{"id":null,"label":"","slug":null},{"id":null,"label":"Welsh","slug":"welsh"}]},{"metadata":{"name":"Ms. Liz Labadie","birth_date":"1947-06-24T00:00:00.000+0000","died_at":"1998-08-28T00:00:00.000+0000"},"nationalities":[{"id":null,"label":"","slug":null},{"id":null,"label":"Panamanians","slug":"panamanians"}]},{"metadata":{"name":"Darcie Abbott","birth_date":"2003-12-18T00:00:00.000+0000","died_at":"2049-03-22T00:00:00.000+0000"},"nationalities":[{"id":null,"label":"","slug":null},{"id":null,"label":"Italians","slug":"italians"}]},{"metadata":{"name":"Mrs. Hermine Ritchie","birth_date":"1954-12-10T00:00:00.000+0000","died_at":"1995-08-21T00:00:00.000+0000"},"nationalities":[{"id":null,"label":"","slug":null},{"id":null,"label":"Guatemalans","slug":"guatemalans"}]},{"metadata":{"name":"Sol McKenzie","birth_date":"1985-10-26T00:00:00.000+0000","died_at":"2059-08-29T00:00:00.000+0000"},"nationalities":[{"id":null,"label":"Swiss","slug":"swiss"},{"id":null,"label":"","slug":null}]},{"metadata":{"name":"Thurman Wisoky IV","birth_date":"1959-03-10T00:00:00.000+0000","died_at":"1998-06-19T00:00:00.000+0000"},"nationalities":[{"id":null,"label":"","slug":null},{"id":null,"label":"Angolans","slug":"angolans"}]},{"metadata":{"name":"Kory Barton","birth_date":"1951-09-08T00:00:00.000+0000","died_at":"2039-03-12T00:00:00.000+0000"},"nationalities":[{"id":null,"label":"","slug":null},{"id":null,"label":"Welsh","slug":"welsh"}]},{"metadata":{"name":"Burton Batz","birth_date":"2004-09-26T00:00:00.000+0000","died_at":"2057-02-21T00:00:00.000+0000"},"nationalities":[{"id":null,"label":"","slug":null},{"id":null,"label":"Pakistanis","slug":"pakistanis"}]},{"metadata":{"name":"Miss Cole Kub","birth_date":"1958-05-12T00:00:00.000+0000","died_at":"2043-09-15T00:00:00.000+0000"},"nationalities":[{"id":null,"label":"","slug":null},{"id":null,"label":"Angolans","slug":"angolans"}]},{"metadata":{"name":"Kristi Schmidt","birth_date":"1955-06-11T00:00:00.000+0000","died_at":"2043-04-20T00:00:00.000+0000"},"nationalities":[{"id":null,"label":"","slug":null},{"id":null,"label":"Germans","slug":"germans"}]},{"metadata":{"name":"Vannesa Jast","birth_date":"1953-05-27T00:00:00.000+0000","died_at":"2032-06-17T00:00:00.000+0000"},"nationalities":[{"id":null,"label":"Fijians","slug":"fijians"},{"id":null,"label":"","slug":null}]},{"metadata":{"name":"Lovie Donnelly","birth_date":"1996-08-01T00:00:00.000+0000","died_at":"2081-04-15T00:00:00.000+0000"},"nationalities":[{"id":null,"label":"Nepalese","slug":"nepalese"},{"id":null,"label":"","slug":null}]},{"metadata":{"name":"Fr. Jeffie Haley","birth_date":"1985-10-28T00:00:00.000+0000","died_at":null},"nationalities":[{"id":null,"label":"","slug":null},{"id":null,"label":"Canadians","slug":"canadians"}]},{"metadata":{"name":"Gale Cremin","birth_date":"1921-11-15T00:00:00.000+0000","died_at":"2011-08-14T00:00:00.000+0000"},"nationalities":[{"id":null,"label":"Sindhian","slug":"sindhian"},{"id":null,"label":"","slug":null}]},{"metadata":{"name":"Msgr. Bernard Ankunding","birth_date":"1949-07-27T00:00:00.000+0000","died_at":"1979-05-04T00:00:00.000+0000"},"nationalities":[{"id":null,"label":"Danes","slug":"danes"},{"id":null,"label":"","slug":null}]},{"metadata":{"name":"Henry Bogisich","birth_date":"1969-09-24T00:00:00.000+0000","died_at":"2047-01-26T00:00:00.000+0000"},"nationalities":[{"id":null,"label":"Kosovo Albanians","slug":"kosovo-albanians"},{"id":null,"label":"","slug":null}]},{"metadata":{"name":"Pres. Delcie DuBuque","birth_date":"1969-10-25T00:00:00.000+0000","died_at":"2022-10-17T00:00:00.000+0000"},"nationalities":[{"id":null,"label":"","slug":null},{"id":null,"label":"Andorrans","slug":"andorrans"}]},{"metadata":{"name":"Jeffrey Baumbach VM","birth_date":"1943-09-10T00:00:00.000+0000","died_at":"1972-08-29T00:00:00.000+0000"},"nationalities":[{"id":null,"label":"","slug":null},{"id":null,"label":"Singaporeans","slug":"singaporeans"}]},{"metadata":{"name":"Kimberli Ward","birth_date":"1925-04-01T00:00:00.000+0000","died_at":"1961-01-31T00:00:00.000+0000"},"nationalities":[{"id":null,"label":"","slug":null},{"id":null,"label":"Papua New Guineans","slug":"papua-new-guineans"}]},{"metadata":{"name":"Shelby Kozey","birth_date":"2003-05-11T00:00:00.000+0000","died_at":"2079-02-09T00:00:00.000+0000"},"nationalities":[{"id":null,"label":"Boers","slug":"boers"},{"id":null,"label":"","slug":null}]},{"metadata":{"name":"Elias Bernhard","birth_date":"1995-10-11T00:00:00.000+0000","died_at":"2055-12-06T00:00:00.000+0000"},"nationalities":[{"id":null,"label":"Algerians","slug":"algerians"},{"id":null,"label":"","slug":null}]},{"metadata":{"name":"Robbie Klein","birth_date":"1958-10-16T00:00:00.000+0000","died_at":null},"nationalities":[{"id":null,"label":"Salvadorans","slug":"salvadorans"},{"id":null,"label":"","slug":null}]},{"metadata":{"name":"Joann Veum I","birth_date":"2003-08-25T00:00:00.000+0000","died_at":"2032-04-26T00:00:00.000+0000"},"nationalities":[{"id":null,"label":"Boers","slug":"boers"},{"id":null,"label":"","slug":null}]},{"metadata":{"name":"So Schultz DDS","birth_date":"2003-06-09T00:00:00.000+0000","died_at":"2040-03-28T00:00:00.000+0000"},"nationalities":[{"id":null,"label":"Danes","slug":"danes"},{"id":null,"label":"","slug":null}]},{"metadata":{"name":"Thelma Koch","birth_date":"1982-02-17T00:00:00.000+0000","died_at":null},"nationalities":[{"id":null,"label":"","slug":null},{"id":null,"label":"Nepalese","slug":"nepalese"}]},{"metadata":{"name":"Chang Jakubowski","birth_date":"1934-01-07T00:00:00.000+0000","died_at":"1961-05-07T00:00:00.000+0000"},"nationalities":[{"id":null,"label":"","slug":null},{"id":null,"label":"Jamaicans","slug":"jamaicans"}]},{"metadata":{"name":"Jody Lindgren","birth_date":"1998-04-21T00:00:00.000+0000","died_at":"2081-08-29T00:00:00.000+0000"},"nationalities":[{"id":null,"label":"Kazakhs","slug":"kazakhs"},{"id":null,"label":"","slug":null}]},{"metadata":{"name":"Chung Auer","birth_date":"1944-01-22T00:00:00.000+0000","died_at":"1995-03-23T00:00:00.000+0000"},"nationalities":[{"id":null,"label":"Belgians","slug":"belgians"},{"id":null,"label":"","slug":null}]},{"metadata":{"name":"Pres. Vella Kessler","birth_date":"2002-09-15T00:00:00.000+0000","died_at":"2059-03-17T00:00:00.000+0000"},"nationalities":[{"id":null,"label":"","slug":null},{"id":null,"label":"Albanians","slug":"albanians"}]},{"metadata":{"name":"Mrs. Lizette Champlin","birth_date":"1934-06-25T00:00:00.000+0000","died_at":"1998-08-02T00:00:00.000+0000"},"nationalities":[{"id":null,"label":"Malawians","slug":"malawians"},{"id":null,"label":"","slug":null}]},{"metadata":{"name":"Annelle Brown","birth_date":"1991-06-09T00:00:00.000+0000","died_at":"2065-01-11T00:00:00.000+0000"},"nationalities":[{"id":null,"label":"","slug":null},{"id":null,"label":"Koreans","slug":"koreans"}]},{"metadata":{"name":"Msgr. Silva Gutkowski","birth_date":"1966-03-20T00:00:00.000+0000","died_at":"2022-10-14T00:00:00.000+0000"},"nationalities":[{"id":null,"label":"","slug":null},{"id":null,"label":"Estonians","slug":"estonians"}]},{"metadata":{"name":"Armida Thompson","birth_date":"1927-05-28T00:00:00.000+0000","died_at":"2003-06-25T00:00:00.000+0000"},"nationalities":[{"id":null,"label":"Trinidadians","slug":"trinidadians"},{"id":null,"label":"","slug":null}]},{"metadata":{"name":"Hollis Frami","birth_date":"1963-02-15T00:00:00.000+0000","died_at":"2051-09-01T00:00:00.000+0000"},"nationalities":[{"id":null,"label":"Dutch","slug":"dutch"},{"id":null,"label":"","slug":null}]},{"metadata":{"name":"Leta Effertz","birth_date":"1968-09-10T00:00:00.000+0000","died_at":"2022-02-08T00:00:00.000+0000"},"nationalities":[{"id":null,"label":"Indonesians","slug":"indonesians"},{"id":null,"label":"","slug":null}]},{"metadata":{"name":"Kraig Streich","birth_date":"1986-08-23T00:00:00.000+0000","died_at":"2054-04-18T00:00:00.000+0000"},"nationalities":[{"id":null,"label":"","slug":null},{"id":null,"label":"Venezuelans","slug":"venezuelans"}]},{"metadata":{"name":"Brittaney Lang","birth_date":"1962-06-06T00:00:00.000+0000","died_at":"2008-11-03T00:00:00.000+0000"},"nationalities":[{"id":null,"label":"","slug":null},{"id":null,"label":"Comorians","slug":"comorians"}]},{"metadata":{"name":"Daren Borer CPA","birth_date":"1987-03-17T00:00:00.000+0000","died_at":null},"nationalities":[{"id":null,"label":"Surinamese","slug":"surinamese"},{"id":null,"label":"","slug":null}]},{"metadata":{"name":"Isabelle Ankunding","birth_date":"1954-08-17T00:00:00.000+0000","died_at":"2032-02-14T00:00:00.000+0000"},"nationalities":[{"id":null,"label":"Austrians","slug":"austrians"},{"id":null,"label":"","slug":null}]},{"metadata":{"name":"Shantel Jacobs","birth_date":"1955-03-13T00:00:00.000+0000","died_at":"1988-01-19T00:00:00.000+0000"},"nationalities":[{"id":null,"label":"Turkish Cypriots","slug":"turkish-cypriots"},{"id":null,"label":"","slug":null}]},{"metadata":{"name":"Annita Ebert","birth_date":"1976-09-18T00:00:00.000+0000","died_at":"2039-11-17T00:00:00.000+0000"},"nationalities":[{"id":null,"label":"","slug":null},{"id":null,"label":"Liberians","slug":"liberians"}]},{"metadata":{"name":"Mack Blanda DO","birth_date":"1974-05-04T00:00:00.000+0000","died_at":"2053-11-16T00:00:00.000+0000"},"nationalities":[{"id":null,"label":"","slug":null},{"id":null,"label":"Belgians","slug":"belgians"}]},{"metadata":{"name":"Shawn Muller Sr.","birth_date":"1934-11-22T00:00:00.000+0000","died_at":"1968-04-12T00:00:00.000+0000"},"nationalities":[{"id":null,"label":"","slug":null},{"id":null,"label":"Trinidadians","slug":"trinidadians"}]},{"metadata":{"name":"Hyo Christiansen","birth_date":"2001-11-07T00:00:00.000+0000","died_at":"2088-06-13T00:00:00.000+0000"},"nationalities":[{"id":null,"label":"Belizeans","slug":"belizeans"},{"id":null,"label":"","slug":null}]},{"metadata":{"name":"Ramon Dare","birth_date":"1957-02-03T00:00:00.000+0000","died_at":"1990-02-13T00:00:00.000+0000"},"nationalities":[{"id":null,"label":"","slug":null},{"id":null,"label":"Uruguayans","slug":"uruguayans"}]},{"metadata":{"name":"Lucile Dietrich","birth_date":"1962-12-01T00:00:00.000+0000","died_at":"1993-04-17T00:00:00.000+0000"},"nationalities":[{"id":null,"label":"","slug":null},{"id":null,"label":"Guyanese","slug":"guyanese"}]},{"metadata":{"name":"Floyd Hamill","birth_date":"1981-04-20T00:00:00.000+0000","died_at":"2068-03-05T00:00:00.000+0000"},"nationalities":[{"id":null,"label":"","slug":null},{"id":null,"label":"Maldivians","slug":"maldivians"}]},{"metadata":{"name":"Bobby Nolan III","birth_date":"1977-11-02T00:00:00.000+0000","died_at":"2044-11-21T00:00:00.000+0000"},"nationalities":[{"id":null,"label":"","slug":null},{"id":null,"label":"Hondurans","slug":"hondurans"}]},{"metadata":{"name":"Hobert Littel","birth_date":"1970-06-21T00:00:00.000+0000","died_at":"2056-11-22T00:00:00.000+0000"},"nationalities":[{"id":null,"label":"","slug":null},{"id":null,"label":"Bangladeshis","slug":"bangladeshis"}]},{"metadata":{"name":"Dodie Dooley","birth_date":"1947-05-11T00:00:00.000+0000","died_at":"2008-11-16T00:00:00.000+0000"},"nationalities":[{"id":null,"label":"","slug":null},{"id":null,"label":"Cameroonians","slug":"cameroonians"}]},{"metadata":{"name":"Claudette Reilly","birth_date":"2004-01-12T00:00:00.000+0000","died_at":"2083-07-20T00:00:00.000+0000"},"nationalities":[{"id":null,"label":"Albanians","slug":"albanians"},{"id":null,"label":"","slug":null}]},{"metadata":{"name":"Dr. Qiana Bins","birth_date":"1980-04-26T00:00:00.000+0000","died_at":"2013-09-20T00:00:00.000+0000"},"nationalities":[{"id":null,"label":"Sri Lankans","slug":"sri-lankans"},{"id":null,"label":"","slug":null}]},{"metadata":{"name":"Harris Reichert","birth_date":"1943-06-15T00:00:00.000+0000","died_at":"2024-01-09T00:00:00.000+0000"},"nationalities":[{"id":null,"label":"Israelis","slug":"israelis"},{"id":null,"label":"","slug":null}]},{"metadata":{"name":"Chadwick DuBuque","birth_date":"1929-03-19T00:00:00.000+0000","died_at":"1981-06-01T00:00:00.000+0000"},"nationalities":[{"id":null,"label":"Malawians","slug":"malawians"},{"id":null,"label":"","slug":null}]},{"metadata":{"name":"Earlie Koss CPA","birth_date":"1928-10-05T00:00:00.000+0000","died_at":"2005-05-30T00:00:00.000+0000"},"nationalities":[{"id":null,"label":"","slug":null},{"id":null,"label":"Faroese","slug":"faroese"}]},{"metadata":{"name":"Gov. Wynona Beatty","birth_date":"1965-05-17T00:00:00.000+0000","died_at":"2009-06-28T00:00:00.000+0000"},"nationalities":[{"id":null,"label":"Czechs","slug":"czechs"},{"id":null,"label":"","slug":null}]},{"metadata":{"name":"Mr. Eric Mante","birth_date":"2001-11-22T00:00:00.000+0000","died_at":"2056-09-06T00:00:00.000+0000"},"nationalities":[{"id":null,"label":"Lithuanians","slug":"lithuanians"},{"id":null,"label":"","slug":null}]},{"metadata":{"name":"Slyvia McGlynn","birth_date":"1998-07-06T00:00:00.000+0000","died_at":"2028-08-18T00:00:00.000+0000"},"nationalities":[{"id":null,"label":"British Virgin Islanders","slug":"british-virgin-islanders"},{"id":null,"label":"","slug":null}]},{"metadata":{"name":"Ronald Weissnat","birth_date":"1982-06-29T00:00:00.000+0000","died_at":"2043-08-10T00:00:00.000+0000"},"nationalities":[{"id":null,"label":"","slug":null},{"id":null,"label":"Congolese","slug":"congolese"}]},{"metadata":{"name":"Domenic Altenwerth","birth_date":"1950-08-08T00:00:00.000+0000","died_at":null},"nationalities":[{"id":null,"label":"Israelis","slug":"israelis"},{"id":null,"label":"","slug":null}]},{"metadata":{"name":"Chase Ebert","birth_date":"1995-08-08T00:00:00.000+0000","died_at":"2071-07-26T00:00:00.000+0000"},"nationalities":[{"id":null,"label":"Egyptians","slug":"egyptians"},{"id":null,"label":"","slug":null}]},{"metadata":{"name":"Leonel Stanton","birth_date":"1947-07-22T00:00:00.000+0000","died_at":"2028-07-09T00:00:00.000+0000"},"nationalities":[{"id":null,"label":"","slug":null},{"id":null,"label":"Dutch","slug":"dutch"}]},{"metadata":{"name":"Filiberto Brakus","birth_date":"1956-02-03T00:00:00.000+0000","died_at":"2007-09-30T00:00:00.000+0000"},"nationalities":[{"id":null,"label":"English","slug":"english"},{"id":null,"label":"","slug":null}]},{"metadata":{"name":"Melany Feil","birth_date":"1981-10-20T00:00:00.000+0000","died_at":"2026-06-20T00:00:00.000+0000"},"nationalities":[{"id":null,"label":"","slug":null},{"id":null,"label":"Malaysians","slug":"malaysians"}]},{"metadata":{"name":"Eldridge Hirthe","birth_date":"1977-07-03T00:00:00.000+0000","died_at":"2039-01-08T00:00:00.000+0000"},"nationalities":[{"id":null,"label":"Maltese","slug":"maltese"},{"id":null,"label":"","slug":null}]},{"metadata":{"name":"Amb. Laure Konopelski","birth_date":"1996-08-31T00:00:00.000+0000","died_at":"2033-10-07T00:00:00.000+0000"},"nationalities":[{"id":null,"label":"Ethiopians","slug":"ethiopians"},{"id":null,"label":"","slug":null}]},{"metadata":{"name":"Marlon Hills","birth_date":"1922-07-01T00:00:00.000+0000","died_at":null},"nationalities":[{"id":null,"label":"","slug":null},{"id":null,"label":"Icelanders","slug":"icelanders"}]},{"metadata":{"name":"Delmer Auer","birth_date":"1968-10-29T00:00:00.000+0000","died_at":"2057-11-14T00:00:00.000+0000"},"nationalities":[{"id":null,"label":"","slug":null},{"id":null,"label":"Congolese","slug":"congolese"}]},{"metadata":{"name":"Terrance Brown","birth_date":"1970-01-07T00:00:00.000+0000","died_at":"2044-07-30T00:00:00.000+0000"},"nationalities":[{"id":null,"label":"","slug":null},{"id":null,"label":"Greeks","slug":"greeks"}]},{"metadata":{"name":"Giuseppe Gibson CPA","birth_date":"1929-10-12T00:00:00.000+0000","died_at":"1993-10-15T00:00:00.000+0000"},"nationalities":[{"id":null,"label":"","slug":null},{"id":null,"label":"Egyptians","slug":"egyptians"}]},{"metadata":{"name":"Catharine Tillman","birth_date":"1999-03-08T00:00:00.000+0000","died_at":null},"nationalities":[{"id":null,"label":"Papua New Guineans","slug":"papua-new-guineans"},{"id":null,"label":"","slug":null}]},{"metadata":{"name":"Herbert Tromp","birth_date":"1982-06-28T00:00:00.000+0000","died_at":"2037-07-12T00:00:00.000+0000"},"nationalities":[{"id":null,"label":"Kurds","slug":"kurds"},{"id":null,"label":"","slug":null}]},{"metadata":{"name":"Pilar Sauer","birth_date":"1947-10-15T00:00:00.000+0000","died_at":"2033-01-07T00:00:00.000+0000"},"nationalities":[{"id":null,"label":"Czechs","slug":"czechs"},{"id":null,"label":"","slug":null}]},{"metadata":{"name":"Joseph Tromp","birth_date":"1952-11-02T00:00:00.000+0000","died_at":"2010-10-01T00:00:00.000+0000"},"nationalities":[{"id":null,"label":"","slug":null},{"id":null,"label":"Italians","slug":"italians"}]},{"metadata":{"name":"Kristopher Halvorson","birth_date":"2001-01-07T00:00:00.000+0000","died_at":"2046-06-18T00:00:00.000+0000"},"nationalities":[{"id":null,"label":"","slug":null},{"id":null,"label":"Comorians","slug":"comorians"}]},{"metadata":{"name":"Lorraine Nikolaus","birth_date":"1941-12-30T00:00:00.000+0000","died_at":"1999-06-06T00:00:00.000+0000"},"nationalities":[{"id":null,"label":"Cubans","slug":"cubans"},{"id":null,"label":"","slug":null}]},{"metadata":{"name":"Allan Deckow","birth_date":"1979-08-08T00:00:00.000+0000","died_at":null},"nationalities":[{"id":null,"label":"","slug":null},{"id":null,"label":"Tobagonians","slug":"tobagonians"}]},{"metadata":{"name":"Alessandra Turner","birth_date":"2001-08-14T00:00:00.000+0000","died_at":"2069-10-24T00:00:00.000+0000"},"nationalities":[{"id":null,"label":"Belarusians","slug":"belarusians"},{"id":null,"label":"","slug":null}]},{"metadata":{"name":"Percy Hahn","birth_date":"1963-08-14T00:00:00.000+0000","died_at":"1992-08-07T00:00:00.000+0000"},"nationalities":[{"id":null,"label":"","slug":null},{"id":null,"label":"Vietnamese","slug":"vietnamese"}]},{"metadata":{"name":"Jospeh Mitchell","birth_date":"1982-09-26T00:00:00.000+0000","died_at":"2030-07-06T00:00:00.000+0000"},"nationalities":[{"id":null,"label":"","slug":null},{"id":null,"label":"Mongolians","slug":"mongolians"}]},{"metadata":{"name":"Denver Predovic","birth_date":"1982-08-31T00:00:00.000+0000","died_at":"2061-11-11T00:00:00.000+0000"},"nationalities":[{"id":null,"label":"Comorians","slug":"comorians"},{"id":null,"label":"","slug":null}]},{"metadata":{"name":"Sung Ebert","birth_date":"1979-09-04T00:00:00.000+0000","died_at":"2062-12-11T00:00:00.000+0000"},"nationalities":[{"id":null,"label":"","slug":null},{"id":null,"label":"Ivoirians","slug":"ivoirians"}]},{"metadata":{"name":"Eleni Bruen","birth_date":"1969-11-26T00:00:00.000+0000","died_at":"2048-06-16T00:00:00.000+0000"},"nationalities":[{"id":null,"label":"Thais","slug":"thais"},{"id":null,"label":"","slug":null}]},{"metadata":{"name":"The Hon. Enoch Pfeffer","birth_date":"1988-01-22T00:00:00.000+0000","died_at":"2017-05-03T00:00:00.000+0000"},"nationalities":[{"id":null,"label":"Mexicans","slug":"mexicans"},{"id":null,"label":"","slug":null}]},{"metadata":{"name":"Darnell Rempel","birth_date":"1973-10-10T00:00:00.000+0000","died_at":"2017-01-29T00:00:00.000+0000"},"nationalities":[{"id":null,"label":"","slug":null},{"id":null,"label":"Maldivians","slug":"maldivians"}]},{"metadata":{"name":"Ricarda Kreiger","birth_date":"1923-09-30T00:00:00.000+0000","died_at":"1960-03-08T00:00:00.000+0000"},"nationalities":[{"id":null,"label":"","slug":null},{"id":null,"label":"Americans","slug":"americans"}]},{"metadata":{"name":"Sammie Prohaska","birth_date":"2001-07-20T00:00:00.000+0000","died_at":"2070-11-10T00:00:00.000+0000"},"nationalities":[{"id":null,"label":"","slug":null},{"id":null,"label":"Tuvaluans","slug":"tuvaluans"}]},{"metadata":{"name":"Norbert Hamill V","birth_date":"1939-05-10T00:00:00.000+0000","died_at":"2014-08-23T00:00:00.000+0000"},"nationalities":[{"id":null,"label":"Maltese","slug":"maltese"},{"id":null,"label":"","slug":null}]},{"metadata":{"name":"Amb. Quentin Kohler","birth_date":"1930-01-03T00:00:00.000+0000","died_at":"2009-08-26T00:00:00.000+0000"},"nationalities":[{"id":null,"label":"Faroese","slug":"faroese"},{"id":null,"label":"","slug":null}]},{"metadata":{"name":"Ashly Donnelly JD","birth_date":"1976-09-25T00:00:00.000+0000","died_at":"2010-11-12T00:00:00.000+0000"},"nationalities":[{"id":null,"label":"","slug":null},{"id":null,"label":"Dutch","slug":"dutch"}]},{"metadata":{"name":"Klara Ebert","birth_date":"1989-04-14T00:00:00.000+0000","died_at":"2063-08-09T00:00:00.000+0000"},"nationalities":[{"id":null,"label":"","slug":null},{"id":null,"label":"Angolans","slug":"angolans"}]},{"metadata":{"name":"Salvatore Herman PhD","birth_date":"1958-09-30T00:00:00.000+0000","died_at":null},"nationalities":[{"id":null,"label":"Lithuanians","slug":"lithuanians"},{"id":null,"label":"","slug":null}]},{"metadata":{"name":"Rodolfo Rohan","birth_date":"1938-04-21T00:00:00.000+0000","died_at":null},"nationalities":[{"id":null,"label":"","slug":null},{"id":null,"label":"Malians","slug":"malians"}]},{"metadata":{"name":"Coy Hintz","birth_date":"1996-07-23T00:00:00.000+0000","died_at":"2040-01-19T00:00:00.000+0000"},"nationalities":[{"id":null,"label":"Uruguayans","slug":"uruguayans"},{"id":null,"label":"","slug":null}]},{"metadata":{"name":"Rep. Irvin Hyatt","birth_date":"1934-04-15T00:00:00.000+0000","died_at":"1971-02-17T00:00:00.000+0000"},"nationalities":[{"id":null,"label":"Kuwaitis","slug":"kuwaitis"},{"id":null,"label":"","slug":null}]},{"metadata":{"name":"Rev. Ena Cummerata","birth_date":"1996-11-23T00:00:00.000+0000","died_at":"2075-02-23T00:00:00.000+0000"},"nationalities":[{"id":null,"label":"Yemenis","slug":"yemenis"},{"id":null,"label":"","slug":null}]},{"metadata":{"name":"Carey Prohaska","birth_date":"1975-07-01T00:00:00.000+0000","died_at":"2009-12-28T00:00:00.000+0000"},"nationalities":[{"id":null,"label":"South Africans","slug":"south-africans"},{"id":null,"label":"","slug":null}]},{"metadata":{"name":"Mrs. Calvin Hills","birth_date":"1988-08-22T00:00:00.000+0000","died_at":"2069-03-01T00:00:00.000+0000"},"nationalities":[{"id":null,"label":"Réunionnais","slug":"runionnais"},{"id":null,"label":"","slug":null}]},{"metadata":{"name":"Danilo Runte","birth_date":"1939-10-23T00:00:00.000+0000","died_at":"1984-10-13T00:00:00.000+0000"},"nationalities":[{"id":null,"label":"","slug":null},{"id":null,"label":"Albanians","slug":"albanians"}]},{"metadata":{"name":"Benedict Hills","birth_date":"1965-07-26T00:00:00.000+0000","died_at":"1994-04-18T00:00:00.000+0000"},"nationalities":[{"id":null,"label":"","slug":null},{"id":null,"label":"Palestinians","slug":"palestinians"}]},{"metadata":{"name":"Dedra Oberbrunner","birth_date":"1929-03-04T00:00:00.000+0000","died_at":"1961-11-25T00:00:00.000+0000"},"nationalities":[{"id":null,"label":"","slug":null},{"id":null,"label":"Indians","slug":"indians"}]},{"metadata":{"name":"Earl Schmitt","birth_date":"1935-03-24T00:00:00.000+0000","died_at":"2003-12-11T00:00:00.000+0000"},"nationalities":[{"id":null,"label":"Canadians","slug":"canadians"},{"id":null,"label":"","slug":null}]},{"metadata":{"name":"Carlton Ziemann","birth_date":"1958-05-07T00:00:00.000+0000","died_at":"2022-02-25T00:00:00.000+0000"},"nationalities":[{"id":null,"label":"Tanzanians","slug":"tanzanians"},{"id":null,"label":"","slug":null}]},{"metadata":{"name":"Msgr. Trevor Rohan","birth_date":"1951-11-20T00:00:00.000+0000","died_at":null},"nationalities":[{"id":null,"label":"","slug":null},{"id":null,"label":"Grenadians","slug":"grenadians"}]},{"metadata":{"name":"Rosaria Parisian","birth_date":"1946-07-09T00:00:00.000+0000","died_at":"2003-11-01T00:00:00.000+0000"},"nationalities":[{"id":null,"label":"Portuguese","slug":"portuguese"},{"id":null,"label":"","slug":null}]},{"metadata":{"name":"Vincenzo Carter VM","birth_date":"1967-09-11T00:00:00.000+0000","died_at":"2033-01-11T00:00:00.000+0000"},"nationalities":[{"id":null,"label":"","slug":null},{"id":null,"label":"Rwandans","slug":"rwandans"}]},{"metadata":{"name":"Nannette Ullrich DDS","birth_date":"1920-12-21T00:00:00.000+0000","died_at":"1954-01-22T00:00:00.000+0000"},"nationalities":[{"id":null,"label":"","slug":null},{"id":null,"label":"Turks","slug":"turks"}]},{"metadata":{"name":"Frank Funk","birth_date":"1959-07-08T00:00:00.000+0000","died_at":"2042-11-01T00:00:00.000+0000"},"nationalities":[{"id":null,"label":"Sindhian","slug":"sindhian"},{"id":null,"label":"","slug":null}]},{"metadata":{"name":"Rep. Darline Gottlieb","birth_date":"1930-03-31T00:00:00.000+0000","died_at":"1962-11-27T00:00:00.000+0000"},"nationalities":[{"id":null,"label":"","slug":null},{"id":null,"label":"Iraqis","slug":"iraqis"}]},{"metadata":{"name":"Dr. Cassandra Mueller","birth_date":"1974-12-15T00:00:00.000+0000","died_at":"2052-05-17T00:00:00.000+0000"},"nationalities":[{"id":null,"label":"Sri Lankans","slug":"sri-lankans"},{"id":null,"label":"","slug":null}]},{"metadata":{"name":"Alex Koepp","birth_date":"1944-12-28T00:00:00.000+0000","died_at":"1980-09-12T00:00:00.000+0000"},"nationalities":[{"id":null,"label":"","slug":null},{"id":null,"label":"Liberians","slug":"liberians"}]},{"metadata":{"name":"Deandrea Medhurst","birth_date":"1994-02-24T00:00:00.000+0000","died_at":"2023-09-13T00:00:00.000+0000"},"nationalities":[{"id":null,"label":"Sierra Leoneans","slug":"sierra-leoneans"},{"id":null,"label":"","slug":null}]},{"metadata":{"name":"Myron Reynolds","birth_date":"1958-08-31T00:00:00.000+0000","died_at":null},"nationalities":[{"id":null,"label":"","slug":null},{"id":null,"label":"Australians","slug":"australians"}]},{"metadata":{"name":"Jose Schuppe","birth_date":"1970-08-16T00:00:00.000+0000","died_at":"1998-09-11T00:00:00.000+0000"},"nationalities":[{"id":null,"label":"","slug":null},{"id":null,"label":"Liberians","slug":"liberians"}]},{"metadata":{"name":"Carlos Little","birth_date":"1921-10-08T00:00:00.000+0000","died_at":"2009-05-19T00:00:00.000+0000"},"nationalities":[{"id":null,"label":"","slug":null},{"id":null,"label":"Bulgarians","slug":"bulgarians"}]},{"metadata":{"name":"Allison Bogisich III","birth_date":"1937-05-04T00:00:00.000+0000","died_at":"2007-11-05T00:00:00.000+0000"},"nationalities":[{"id":null,"label":"","slug":null},{"id":null,"label":"Ghanaians","slug":"ghanaians"}]},{"metadata":{"name":"Fr. Alberto Lockman","birth_date":"1987-09-06T00:00:00.000+0000","died_at":"2014-10-28T00:00:00.000+0000"},"nationalities":[{"id":null,"label":"Burundians","slug":"burundians"},{"id":null,"label":"","slug":null}]},{"metadata":{"name":"Tommie Stanton","birth_date":"1961-06-09T00:00:00.000+0000","died_at":null},"nationalities":[{"id":null,"label":"Egyptians","slug":"egyptians"},{"id":null,"label":"","slug":null}]},{"metadata":{"name":"Dennise Lindgren","birth_date":"1953-11-11T00:00:00.000+0000","died_at":"2007-11-15T00:00:00.000+0000"},"nationalities":[{"id":null,"label":"","slug":null},{"id":null,"label":"Moldovans","slug":"moldovans"}]},{"metadata":{"name":"Rochell Wunsch","birth_date":"1960-09-13T00:00:00.000+0000","died_at":"2037-05-30T00:00:00.000+0000"},"nationalities":[{"id":null,"label":"Bahrainis","slug":"bahrainis"},{"id":null,"label":"","slug":null}]},{"metadata":{"name":"Raymon Marquardt","birth_date":"2000-10-04T00:00:00.000+0000","died_at":"2085-06-07T00:00:00.000+0000"},"nationalities":[{"id":null,"label":"Argentines","slug":"argentines"},{"id":null,"label":"","slug":null}]},{"metadata":{"name":"Amb. Fredrick Gorczany","birth_date":"1973-11-06T00:00:00.000+0000","died_at":"2023-06-10T00:00:00.000+0000"},"nationalities":[{"id":null,"label":"Brazilians","slug":"brazilians"},{"id":null,"label":"","slug":null}]},{"metadata":{"name":"Debi Roberts","birth_date":"2002-11-10T00:00:00.000+0000","died_at":"2084-12-20T00:00:00.000+0000"},"nationalities":[{"id":null,"label":"","slug":null},{"id":null,"label":"São Tomé and Príncipe","slug":"so-tom-and-prncipe"}]},{"metadata":{"name":"Dr. Teddy Streich","birth_date":"1981-09-09T00:00:00.000+0000","died_at":"2039-10-11T00:00:00.000+0000"},"nationalities":[{"id":null,"label":"","slug":null},{"id":null,"label":"Scots","slug":"scots"}]},{"metadata":{"name":"Jame Miller","birth_date":"1969-04-19T00:00:00.000+0000","died_at":"2017-06-22T00:00:00.000+0000"},"nationalities":[{"id":null,"label":"Guinea-Bissau nationals","slug":"guinea-bissau-nationals"},{"id":null,"label":"","slug":null}]},{"metadata":{"name":"Darrin Schmeler","birth_date":"1926-05-16T00:00:00.000+0000","died_at":"1959-12-19T00:00:00.000+0000"},"nationalities":[{"id":null,"label":"Cape","slug":"cape"},{"id":null,"label":"","slug":null}]},{"metadata":{"name":"Philomena Willms","birth_date":"1969-11-15T00:00:00.000+0000","died_at":"2040-04-15T00:00:00.000+0000"},"nationalities":[{"id":null,"label":"Manx","slug":"manx"},{"id":null,"label":"","slug":null}]},{"metadata":{"name":"Jamee Willms","birth_date":"1969-12-18T00:00:00.000+0000","died_at":"2014-07-12T00:00:00.000+0000"},"nationalities":[{"id":null,"label":"Kuwaitis","slug":"kuwaitis"},{"id":null,"label":"","slug":null}]},{"metadata":{"name":"Ivory Zboncak","birth_date":"1950-10-03T00:00:00.000+0000","died_at":"2018-03-11T00:00:00.000+0000"},"nationalities":[{"id":null,"label":"","slug":null},{"id":null,"label":"Vanuatuans","slug":"vanuatuans"}]},{"metadata":{"name":"Graig Cronin","birth_date":"1948-08-23T00:00:00.000+0000","died_at":"2000-07-30T00:00:00.000+0000"},"nationalities":[{"id":null,"label":"Armenians","slug":"armenians"},{"id":null,"label":"","slug":null}]},{"metadata":{"name":"Jason Gutmann","birth_date":"2004-10-28T00:00:00.000+0000","died_at":"2050-05-07T00:00:00.000+0000"},"nationalities":[{"id":null,"label":"","slug":null},{"id":null,"label":"Poles","slug":"poles"}]},{"metadata":{"name":"Donald Rutherford","birth_date":"1941-06-23T00:00:00.000+0000","died_at":"2003-04-02T00:00:00.000+0000"},"nationalities":[{"id":null,"label":"English","slug":"english"},{"id":null,"label":"","slug":null}]},{"metadata":{"name":"Johnson VonRueden","birth_date":"1999-01-03T00:00:00.000+0000","died_at":"2030-06-15T00:00:00.000+0000"},"nationalities":[{"id":null,"label":"Greeks","slug":"greeks"},{"id":null,"label":"","slug":null}]},{"metadata":{"name":"Alan Cormier","birth_date":"1981-12-02T00:00:00.000+0000","died_at":"2052-04-10T00:00:00.000+0000"},"nationalities":[{"id":null,"label":"","slug":null},{"id":null,"label":"Eritreans","slug":"eritreans"}]},{"metadata":{"name":"Clay Weimann","birth_date":"1944-01-02T00:00:00.000+0000","died_at":"1977-06-25T00:00:00.000+0000"},"nationalities":[{"id":null,"label":"Turkish Cypriots","slug":"turkish-cypriots"},{"id":null,"label":"","slug":null}]},{"metadata":{"name":"Breana Schuster I","birth_date":"1996-04-04T00:00:00.000+0000","died_at":"2043-03-08T00:00:00.000+0000"},"nationalities":[{"id":null,"label":"Kazakhs","slug":"kazakhs"},{"id":null,"label":"","slug":null}]},{"metadata":{"name":"Wilson Bergstrom","birth_date":"1951-04-11T00:00:00.000+0000","died_at":"2022-12-20T00:00:00.000+0000"},"nationalities":[{"id":null,"label":"","slug":null},{"id":null,"label":"Guinea-Bissau nationals","slug":"guinea-bissau-nationals"}]},{"metadata":{"name":"Rosendo Cummings","birth_date":"2004-12-16T00:00:00.000+0000","died_at":"2075-11-30T00:00:00.000+0000"},"nationalities":[{"id":null,"label":"Dutch","slug":"dutch"},{"id":null,"label":"","slug":null}]},{"metadata":{"name":"Amb. Daniel Harber","birth_date":"2000-11-18T00:00:00.000+0000","died_at":"2076-10-01T00:00:00.000+0000"},"nationalities":[{"id":null,"label":"Kazakhs","slug":"kazakhs"},{"id":null,"label":"","slug":null}]},{"metadata":{"name":"Graciela Kautzer V","birth_date":"1990-09-01T00:00:00.000+0000","died_at":"2031-03-23T00:00:00.000+0000"},"nationalities":[{"id":null,"label":"","slug":null},{"id":null,"label":"Singaporeans","slug":"singaporeans"}]},{"metadata":{"name":"Shandi Kub","birth_date":"1969-04-03T00:00:00.000+0000","died_at":"2048-07-25T00:00:00.000+0000"},"nationalities":[{"id":null,"label":"","slug":null},{"id":null,"label":"Aromanians","slug":"aromanians"}]},{"metadata":{"name":"Sen. Allen Heidenreich","birth_date":"1974-01-10T00:00:00.000+0000","died_at":"2020-01-06T00:00:00.000+0000"},"nationalities":[{"id":null,"label":"Lebanese","slug":"lebanese"},{"id":null,"label":"","slug":null}]},{"metadata":{"name":"Winona Sauer I","birth_date":"1978-11-07T00:00:00.000+0000","died_at":"2050-02-13T00:00:00.000+0000"},"nationalities":[{"id":null,"label":"","slug":null},{"id":null,"label":"Kuwaitis","slug":"kuwaitis"}]},{"metadata":{"name":"Jasper Kilback PhD","birth_date":"1941-01-14T00:00:00.000+0000","died_at":"2005-09-20T00:00:00.000+0000"},"nationalities":[{"id":null,"label":"Réunionnais","slug":"runionnais"},{"id":null,"label":"","slug":null}]},{"metadata":{"name":"Ione Stroman","birth_date":"1939-06-08T00:00:00.000+0000","died_at":null},"nationalities":[{"id":null,"label":"","slug":null},{"id":null,"label":"Canadians","slug":"canadians"}]},{"metadata":{"name":"Bernard Bauch","birth_date":"1972-04-03T00:00:00.000+0000","died_at":"2012-02-06T00:00:00.000+0000"},"nationalities":[{"id":null,"label":"","slug":null},{"id":null,"label":"Haitians","slug":"haitians"}]},{"metadata":{"name":"Grant Koch","birth_date":"1981-02-16T00:00:00.000+0000","died_at":"2023-10-20T00:00:00.000+0000"},"nationalities":[{"id":null,"label":"","slug":null},{"id":null,"label":"Dominicans (Republic)","slug":"dominicans-republic"}]},{"metadata":{"name":"Andrew Hagenes","birth_date":"2001-11-05T00:00:00.000+0000","died_at":null},"nationalities":[{"id":null,"label":"Réunionnais","slug":"runionnais"},{"id":null,"label":"","slug":null}]},{"metadata":{"name":"Danial Funk","birth_date":"1964-01-06T00:00:00.000+0000","died_at":"2053-11-17T00:00:00.000+0000"},"nationalities":[{"id":null,"label":"Serbs","slug":"serbs"},{"id":null,"label":"","slug":null}]},{"metadata":{"name":"Marlin Nitzsche","birth_date":"1995-01-07T00:00:00.000+0000","died_at":"2037-03-08T00:00:00.000+0000"},"nationalities":[{"id":null,"label":"","slug":null},{"id":null,"label":"Japanese","slug":"japanese"}]},{"metadata":{"name":"Kevin Beatty","birth_date":"1976-04-25T00:00:00.000+0000","died_at":"2055-12-26T00:00:00.000+0000"},"nationalities":[{"id":null,"label":"","slug":null},{"id":null,"label":"Danes","slug":"danes"}]},{"metadata":{"name":"Ester Lemke","birth_date":"1995-03-14T00:00:00.000+0000","died_at":"2065-06-21T00:00:00.000+0000"},"nationalities":[{"id":null,"label":"","slug":null},{"id":null,"label":"Guianese (French)","slug":"guianese-french"}]},{"metadata":{"name":"Camilla Cormier","birth_date":"1949-08-21T00:00:00.000+0000","died_at":null},"nationalities":[{"id":null,"label":"Moldovans","slug":"moldovans"},{"id":null,"label":"","slug":null}]},{"metadata":{"name":"Ms. Charlie Swaniawski","birth_date":"1998-01-21T00:00:00.000+0000","died_at":"2054-11-12T00:00:00.000+0000"},"nationalities":[{"id":null,"label":"","slug":null},{"id":null,"label":"Tibetans","slug":"tibetans"}]},{"metadata":{"name":"Romaine Dare","birth_date":"2002-01-24T00:00:00.000+0000","died_at":"2066-04-19T00:00:00.000+0000"},"nationalities":[{"id":null,"label":"","slug":null},{"id":null,"label":"Argentines","slug":"argentines"}]},{"metadata":{"name":"Zachery Fisher","birth_date":"1965-11-13T00:00:00.000+0000","died_at":"2042-07-21T00:00:00.000+0000"},"nationalities":[{"id":null,"label":"","slug":null},{"id":null,"label":"Verdeans","slug":"verdeans"}]},{"metadata":{"name":"Stefan Hessel DC","birth_date":"1945-02-03T00:00:00.000+0000","died_at":"1983-01-23T00:00:00.000+0000"},"nationalities":[{"id":null,"label":"British","slug":"british"},{"id":null,"label":"","slug":null}]},{"metadata":{"name":"Vincent Schmidt","birth_date":"1988-02-22T00:00:00.000+0000","died_at":"2048-10-07T00:00:00.000+0000"},"nationalities":[{"id":null,"label":"Iranians (Persians)","slug":"iranians-persians"},{"id":null,"label":"","slug":null}]},{"metadata":{"name":"Mauricio Walker","birth_date":"1975-09-20T00:00:00.000+0000","died_at":"2035-03-28T00:00:00.000+0000"},"nationalities":[{"id":null,"label":"Turkish Cypriots","slug":"turkish-cypriots"},{"id":null,"label":"","slug":null}]},{"metadata":{"name":"Mr. Charlette Carter","birth_date":"1994-06-13T00:00:00.000+0000","died_at":"2032-04-11T00:00:00.000+0000"},"nationalities":[{"id":null,"label":"Syrians","slug":"syrians"},{"id":null,"label":"","slug":null}]},{"metadata":{"name":"Millard Little","birth_date":"2002-07-05T00:00:00.000+0000","died_at":"2063-06-25T00:00:00.000+0000"},"nationalities":[{"id":null,"label":"Mauritians","slug":"mauritians"},{"id":null,"label":"","slug":null}]},{"metadata":{"name":"Retha Mosciski CPA","birth_date":"1932-06-26T00:00:00.000+0000","died_at":null},"nationalities":[{"id":null,"label":"Finns","slug":"finns"},{"id":null,"label":"","slug":null}]},{"metadata":{"name":"Jerilyn Feil I","birth_date":"1970-06-21T00:00:00.000+0000","died_at":"2009-02-11T00:00:00.000+0000"},"nationalities":[{"id":null,"label":"Grenadians","slug":"grenadians"},{"id":null,"label":"","slug":null}]},{"metadata":{"name":"Reynaldo Nienow","birth_date":"1936-11-16T00:00:00.000+0000","died_at":"1996-06-13T00:00:00.000+0000"},"nationalities":[{"id":null,"label":"","slug":null},{"id":null,"label":"Jordanians","slug":"jordanians"}]},{"metadata":{"name":"Fred Spencer","birth_date":"1928-04-17T00:00:00.000+0000","died_at":"2005-02-06T00:00:00.000+0000"},"nationalities":[{"id":null,"label":"Indonesians","slug":"indonesians"},{"id":null,"label":"","slug":null}]},{"metadata":{"name":"Foster Streich","birth_date":"1929-11-09T00:00:00.000+0000","died_at":"1987-06-20T00:00:00.000+0000"},"nationalities":[{"id":null,"label":"","slug":null},{"id":null,"label":"Ethiopians","slug":"ethiopians"}]},{"metadata":{"name":"Princess Hauck","birth_date":"1935-04-05T00:00:00.000+0000","died_at":"2023-05-15T00:00:00.000+0000"},"nationalities":[{"id":null,"label":"English","slug":"english"},{"id":null,"label":"","slug":null}]},{"metadata":{"name":"Eneida Considine V","birth_date":"1991-07-19T00:00:00.000+0000","died_at":"2038-12-14T00:00:00.000+0000"},"nationalities":[{"id":null,"label":"","slug":null},{"id":null,"label":"Malaysians","slug":"malaysians"}]},{"metadata":{"name":"Brad Cole","birth_date":"1924-11-22T00:00:00.000+0000","died_at":"2009-05-21T00:00:00.000+0000"},"nationalities":[{"id":null,"label":"","slug":null},{"id":null,"label":"Tibetans","slug":"tibetans"}]},{"metadata":{"name":"Alexander Roob LLD","birth_date":"1973-09-12T00:00:00.000+0000","died_at":"2017-07-27T00:00:00.000+0000"},"nationalities":[{"id":null,"label":"Germans","slug":"germans"},{"id":null,"label":"","slug":null}]},{"metadata":{"name":"Angella Oberbrunner","birth_date":"1933-01-22T00:00:00.000+0000","died_at":null},"nationalities":[{"id":null,"label":"","slug":null},{"id":null,"label":"Puerto Ricans","slug":"puerto-ricans"}]},{"metadata":{"name":"Coleen Mraz","birth_date":"1958-10-08T00:00:00.000+0000","died_at":"2041-11-01T00:00:00.000+0000"},"nationalities":[{"id":null,"label":"Moroccans","slug":"moroccans"},{"id":null,"label":"","slug":null}]},{"metadata":{"name":"Heriberto Murphy LLD","birth_date":"1920-04-03T00:00:00.000+0000","died_at":"1962-10-21T00:00:00.000+0000"},"nationalities":[{"id":null,"label":"","slug":null},{"id":null,"label":"Kosovo Albanians","slug":"kosovo-albanians"}]},{"metadata":{"name":"Danelle Bins","birth_date":"1934-05-26T00:00:00.000+0000","died_at":null},"nationalities":[{"id":null,"label":"","slug":null},{"id":null,"label":"Italians","slug":"italians"}]},{"metadata":{"name":"Andre Labadie","birth_date":"1920-06-04T00:00:00.000+0000","died_at":"1982-09-26T00:00:00.000+0000"},"nationalities":[{"id":null,"label":"Vanuatuans","slug":"vanuatuans"},{"id":null,"label":"","slug":null}]},{"metadata":{"name":"Vicky Gleason","birth_date":"1924-02-03T00:00:00.000+0000","died_at":"2013-06-23T00:00:00.000+0000"},"nationalities":[{"id":null,"label":"","slug":null},{"id":null,"label":"Chileans","slug":"chileans"}]},{"metadata":{"name":"Lovetta Kuhlman","birth_date":"1923-11-20T00:00:00.000+0000","died_at":"2005-01-22T00:00:00.000+0000"},"nationalities":[{"id":null,"label":"","slug":null},{"id":null,"label":"Italians","slug":"italians"}]},{"metadata":{"name":"Miss Pansy Braun","birth_date":"1993-11-25T00:00:00.000+0000","died_at":"2066-06-10T00:00:00.000+0000"},"nationalities":[{"id":null,"label":"Guyanese","slug":"guyanese"},{"id":null,"label":"","slug":null}]},{"metadata":{"name":"Ms. Dorsey Grant","birth_date":"1963-02-04T00:00:00.000+0000","died_at":null},"nationalities":[{"id":null,"label":"","slug":null},{"id":null,"label":"Faroese","slug":"faroese"}]},{"metadata":{"name":"Zaida Schuppe DO","birth_date":"1940-10-29T00:00:00.000+0000","died_at":"2030-10-04T00:00:00.000+0000"},"nationalities":[{"id":null,"label":"","slug":null},{"id":null,"label":"Thais","slug":"thais"}]},{"metadata":{"name":null,"birth_date":null,"died_at":null},"nationalities":[{"id":null,"label":"","slug":null},{"id":null,"label":"unknown","slug":null}]}]